Diahnne Abbott | 
Amy Acker | https://twitter.com/AmyAcker
Candice Accola | https://twitter.com/Candice_Accola
Amy Adams | 
Brooke Adams (actress) | 
Edie Adams | 
Jane Adams (actress) | 
Joey Lauren Adams | 
Julie Adams | 
Shohreh Aghdashloo | 
Dianna Agron | https://twitter.com/DiannaAgron
Christina Aguilera | 
Jessica Alba | 
Lola Albright | 
Jaimie Alexander | https://twitter.com/jaimiealexander
Jane Alexander | 
Khandi Alexander | 
Sasha Alexander | https://twitter.com/SashaAlexander1
Tatyana Ali | 
Debbie Allen | https://twitter.com/msdebbieallen
Elizabeth Allen (actress) | 
Joan Allen | 
Karen Allen | 
Krista Allen | 
Laura Allen | 
Nancy Allen (actress) | 
Kirstie Alley | http://twitter.com/KirstieAlley
June Allyson | 
Daniella Alonso | 
Trini Alvarado | 
Lauren Ambrose | 
Mädchen Amick | 
Suzy Amis | 
Eva Amurri | https://twitter.com/4evamartino
Andrea Anders | 
Gillian Anderson | https://twitter.com/GillianA
Loni Anderson | 
Melody Anderson | 
Nicole Anderson | https://twitter.com/HeyItsNicoleA
Jennifer Aniston | 
Odette Annable | https://twitter.com/OdetteAnnable
Susan Anton | 
Shiri Appleby | 
Christina Applegate | https://twitter.com/1capplegate
Anne Archer | 
Beverly Archer | 
Leila Arcieri | 
Eve Arden | 
Ashley Argota | 
Jillian Armenante | 
Bess Armstrong | 
Samaire Armstrong | 
Alexis Arquette | 
Patricia Arquette | 
Rosanna Arquette | 
Bea Arthur | 
Jean Arthur | 
Elizabeth Ashley | 
Mary Astor | 
Eden Atwood | https://twitter.com/@edenatwood
Margaret Avery | 
Nicki Aycox | 
Candice Azzara | 
Lauren Bacall | 
Barbara Bach | 
Catherine Bach | 
Mary Badham | 
Jane Badler | 
Pearl Bailey | 
Fay Bainter | 
Diora Baird | 
Carroll Baker | 
Kathy Baker | 
Leigh-Allyn Baker | https://twitter.com/L_A_Baker
Brenda Bakke | 
Fairuza Balk | 
Lucille Ball | 
Talia Balsam | 
Anne Bancroft | 
Tallulah Bankhead | 
Elizabeth Banks | https://twitter.com/ElizabethBanks
Tyra Banks | 
Christine Baranski | 
Adrienne Barbeau | 
Ellen Barkin | 
Priscilla Barnes | 
Majel Barrett | 
Barbara Barrie | 
Dana Barron | 
Drew Barrymore | 
Ethel Barrymore | 
Roseanne Barr | 
Mischa Barton | https://twitter.com/MischAmazing
Kim Basinger | 
Angela Bassett | 
Kathy Bates | 
Cyia Batten | 
Frances Bavier | 
Anne Baxter | 
Jennifer Beals | https://twitter.com/jenniferbeals
Amanda Bearse | 
Kimberly Beck | 
Bonnie Bedelia | 
Nicole Beharie | 
Catherine Bell (actress) | 
Kristen Bell | 
Lake Bell | http://twitter.com/lakebell
Camilla Belle | 
Kathleen Beller | 
Troian Bellisario | https://twitter.com/SleepintheGardn
Maria Bello | 
Andrea Bendewald | 
Annette Bening | 
Haley Bennett | 
Joan Bennett | 
Amber Benson | https://twitter.com/amber_benson
Ashley Benson | https://twitter.com/AshBenzo
Julie Benz | http://twitter.com/juliebenz
Candice Bergen | 
Elizabeth Berkley | 
Jeannie Berlin | 
Crystal Bernard | 
Sandra Bernhard | https://twitter.com/SandraBernhard
Halle Berry | 
Valerie Bertinelli | 
Angela Bettis | 
Troy Beyer | 
Leslie Bibb | 
Jessica Biel | https://twitter.com/JessicaBiel
Barbara Billingsley | 
Rachel Bilson | 
Traci Bingham | 
Thora Birch | 
Kerry Bishé | 
Summer Bishil | 
Karen Black | 
Joan Blackman | 
Betsy Blair | 
Linda Blair | 
Patricia Blair | 
Selma Blair | 
Amanda Blake | 
Ronee Blakley | 
Jolene Blalock | 
Tammy Blanchard | 
Alexis Bledel | https://twitter.com/alexisbledel
Yasmine Bleeth | 
Joan Blondell | 
Nikki Blonsky | 
Moon Bloodgood | 
Ann Blyth | 
Eleanor Boardman | 
Mary Boland | 
Julia Bond | 
Beulah Bondi | 
Lisa Bonet | 
Shirley Booth | 
Olive Borden | 
Michelle Borth | 
Rachel Boston | https://twitter.com/rachelboston
Kate Bosworth | 
Barbara Bouchet | 
Clara Bow | 
Katrina Bowden | https://twitter.com/KatrinaKBowden
Andrea Bowen | 
Julie Bowen | 
Lara Flynn Boyle | 
Jessica Bowman | 
Lorraine Bracco | 
Alice Brady | 
Alexandra Breckenridge | 
Tracey E. Bregman | 
Eileen Brennan | 
Amy Brenneman | https://twitter.com/TheAmyBrenneman
Abigail Breslin | 
Jordana Brewster | https://twitter.com/JordanaBrewster
Paget Brewster | https://twitter.com/pagetpaget
Chloe Bridges | https://twitter.com/ChloeBridges
Alison Brie | 
Connie Britton | 
Beth Broderick | 
Jayne Brook | 
Geraldine Brooks (actress) | 
Louise Brooks | 
Blair Brown | 
Yvette Nicole Brown | https://twitter.com/yvettenbrown
Leslie Browne | 
Logan Browning | 
Sabrina Bryan | 
Joy Bryant | 
Tara Buck | 
Betty Buckley | 
Sandra Bullock | 
Billie Burke | 
Delta Burke | 
Carol Burnett | 
Brooke Burns | 
Catherine Burns | 
Ellen Burstyn | 
Hilarie Burton | 
Sophia Bush | 
Brett Butler (actress) | 
Yancy Butler | 
Spring Byington | 
Amanda Bynes | 
Marion Byron | 
Sarah Wayne Callies | 
Anna Camp | https://twitter.com/TheRealAnnaCamp
Christa Campbell | 
Danielle Campbell | https://twitter.com/daniellemcam
Tisha Campbell | 
Dyan Cannon | 
Lizzy Caplan | 
Kate Capshaw | 
Irene Cara | 
Gina Carano | 
Linda Cardellini | 
Lynn Carlin | 
Kitty Carlisle | 
Kelly Carlson | 
Sue Carol | 
Charisma Carpenter | https://twitter.com/AllCharisma
Jennifer Carpenter | https://twitter.com/J2thecarpenter
Barbara Carrera | 
Tia Carrere | https://twitter.com/TiaCarrere
Dixie Carter | 
Lynda Carter | 
Diahann Carroll | 
Madeline Carroll | https://twitter.com/IMMaddieCarroll
Nancy Carroll | 
Rosalind Cash | 
Peggy Cass | 
Joanna Cassidy | 
Katie Cassidy | https://twitter.com/MzKatieCassidy
Peggie Castle | 
Phoebe Cates | 
Jessica Cauffiel | 
Emma Caulfield | https://twitter.com/emmacaulfield
Lacey Chabert | https://twitter.com/IamLaceyChabert
Carol Channing | 
Stockard Channing | 
Cyd Charisse | 
Annette Charles | 
Daveigh Chase | 
Jessica Chastain | 
Ruth Chatterton | 
Kristin Chenoweth | 
Cher | 
Vanessa Lee Chester | 
Lois Chiles | 
Anna Chlumsky | 
Erika Christensen | 
Claudia Christian | 
Jamie Chung | https://twitter.com/jamiechung1
Candy Clark | 
Judy Clark | 
Melinda Clarke | https://twitter.com/TheRealMsClarke
Sarah Clarke | 
Patricia Clarkson | 
Jill Clayburgh | 
Rosemary Clooney | 
Glenn Close | 
Lauren Cohan | 
Claudette Colbert | 
Taylor Cole | 
Tina Cole | 
Holliston Coleman | 
Kim Coles | 
Lynn Collins | 
Holly Marie Combs | https://twitter.com/H_Combs
Betty Compson | 
Julie Condra | 
Michaela Conlin | 
Jennifer Connelly | 
Rachael Leigh Cook | https://twitter.com/RachaelLCook
Jennifer Coolidge | 
Teri Copley | 
Gretchen Corbett | 
Ellen Corby | 
Mara Corday | 
Miranda Cosgrove | https://twitter.com/MirandaCosgrove
Stephanie Courtney | 
Laverne Cox | 
Courteney Cox | https://twitter.com/CourteneyCox
Nikki Cox | 
Yvonne Craig | 
Jeanne Crain | 
Barbara Crampton | https://twitter.com/barbaracrampton
Joan Crawford | 
Cathy Lee Crosby | 
Denise Crosby | 
Mary Crosby | 
Marcia Cross | 
Lindsay Crouse | 
Suzanne Cryer | 
Erin Cummings | 
Quinn Cummings | 
Kaley Cuoco | https://twitter.com//KaleyCuoco
Jane Curtin | 
Jamie Lee Curtis | 
Ann Cusack | 
Joan Cusack | https://twitter.com/realjoancusack
Tawny Cypress | 
Miley Cyrus | 
Alexandra Daddario | 
Arlene Dahl | 
Tyne Daly | 
Dorothy Dandridge | 
Claire Danes | 
Beverly D'Angelo | 
Brittany Daniel | 
Bebe Daniels | 
Erin Daniels | 
Blythe Danner | 
Linda Darnell | 
Lisa Darr | 
Alexa Davalos | 
Amy Davidson | https://twitter.com/Amy_Davidson
Jane Darwell | 
Stacey Dash | https://twitter.com/REALStaceyDash
Ann B. Davis | 
Bette Davis | 
Dana Davis | 
Geena Davis | 
Hope Davis | 
Josie Davis | 
Kristin Davis | https://twitter.com/KristinDavis
Phyllis Davis | 
Viola Davis | 
Pam Dawber | 
Rosario Dawson | 
Roxann Dawson | 
Doris Day | 
Marceline Day | 
Priscilla Dean | 
Yvonne De Carlo | 
Brooklyn Decker | https://twitter.com/BrooklynDecker
Ruby Dee | 
Sandra Dee | 
Kaylee DeFer | 
Ellen DeGeneres | 
Gloria DeHaven | 
Olivia de Havilland | 
Wanda De Jesus | 
Paz de la Huerta | 
Kim Delaney | 
Diane Delano | 
Dana Delany | https://twitter.com/DanaDelany
Julie Delpy | 
Rebecca De Mornay | 
Carol Dempster | 
Lori Beth Denberg | 
Kat Dennings | 
Sandy Dennis | 
Bo Derek | 
Laura Dern | 
Portia de Rossi | 
Donna D'Errico | 
Emily Deschanel | 
Zooey Deschanel | https://twitter.com/ZooeyDeschanel
Amanda Detmer | 
Zoey Deutch | https://twitter.com/ZoeyDeutch
Loretta Devine | 
Torrey DeVitto | https://twitter.com/TorreyJDevitto
Jenna Dewan | 
Joyce DeWitt | 
Noureen DeWulf | https://twitter.com/NoureenDeWulf
Susan Dey | 
Cameron Diaz | 
Angie Dickinson | 
Marlene Dietrich | 
Victoria Dillard | 
Phyllis Diller | 
Melinda Dillon | 
Mia Dillon | 
Donna Dixon | 
Ellen Drew | 
Megan Dodds | 
Shannen Doherty | 
Ami Dolenz | 
Dagmara Dominczyk | 
Elinor Donahue | 
Elisa Donovan | https://twitter.com/RedDonovan
Donna Douglas | 
Illeana Douglas | 
Billie Dove | 
Doris Dowling | 
Rachel Dratch | 
Fran Drescher | 
Louise Dresser | 
Marie Dressler | 
Julia Louis-Dreyfus | 
Joanne Dru | 
Alice Drummond | 
Haylie Duff | https://twitter.com/HaylieDuff
Hilary Duff | https://twitter.com/hilaryduff
Olympia Dukakis | 
Patty Duke | 
Faye Dunaway | 
Dominique Dunne | 
Irene Dunne | 
Mildred Dunnock | 
Kirsten Dunst | https://twitter.com/kirstendunst
Tiffany Dupont | 
Deanna Durbin | 
Eliza Dushku | 
Clea DuVall | 
Shelley Duvall | 
Alexis Dziena | https://twitter.com/msalexisdziena
Bobbie Eakes | 
Leslie Easterbrook | 
Alison Eastwood | 
Sonya Eddy | 
Melissa Claire Egan | 
Nicole Eggert | 
Jennifer Ehle | 
Lisa Eilbacher | 
Jill Eikenberry | 
Carmen Electra | https://twitter.com/carmenelectra
Erika Eleniak | 
Jenna Elfman | 
Shannon Elizabeth | 
Vera-Ellen | 
Jane Elliot | 
Patricia Elliott | 
Jena Engstrom | 
Kathryn Erbe | 
Jennifer Esposito | 
Judi Evans | 
Linda Evans | 
Mary Beth Evans | 
Eve (entertainer) | 
Angie Everhart | 
Briana Evigan | 
Kayla Ewell | 
Morgan Fairchild | https://twitter.com/morgfair
Lola Falana | 
Siobhan Fallon Hogan | 
Dakota Fanning | 
Elle Fanning | 
Anna Faris | 
Frances Farmer | 
Vera Farmiga | 
Terry Farrell (actress) | 
Mia Farrow | 
Farrah Fawcett | 
Barbara Feldon | 
Sherilyn Fenn | 
America Ferrera | 
Tina Fey | 
Sally Field | 
Linda Fiorentino | 
Danielle Fishel | 
Jenna Fischer | https://twitter.com/jennafischer
Carrie Fisher | 
Joely Fisher | 
Schuyler Fisk | 
Fannie Flagg | 
Jennifer Flavin | 
Rhonda Fleming | 
Louise Fletcher | 
Calista Flockhart | 
Nina Foch | 
Megan Follows | 
Bridget Fonda | 
Jane Fonda | 
Lyndsy Fonseca | https://twitter.com/LyndsyMFonseca
Joan Fontaine | 
Deborah Foreman | 
Jodie Foster | 
Meg Foster | 
Sara Foster | 
Sutton Foster | https://twitter.com/sfosternyc
Jorja Fox | 
Megan Fox | 
Vivica A. Fox | 
Bonnie Franklin | 
Diane Franklin | 
Kate French | 
Lindsay Frost | 
Soleil Moon Frye | 
Isabelle Fuhrman | https://twitter.com/isabellefuhrman
Annette Funicello | 
Eva Gabor | 
Bethany Joy Galeotti | http://twitter.com/BethanyJoyLenz/
Ava Gardner | 
Judy Garland | 
Jennifer Garner | 
Kelli Garner | 
Peggy Ann Garner | 
Janeane Garofalo | 
Teri Garr | 
Greer Garson | 
Jennie Garth | http://twitter.com/jenniegarth/
Ana Gasteyer | 
Janina Gavankar | https://twitter.com/janina
Erica Gavin | 
Rebecca Gayheart | 
Janet Gaynor | 
Mitzi Gaynor | 
Barbara Bel Geddes | 
Sarah Michelle Gellar | 
Gladys George | 
Lauren German | 
Gina Gershon | 
Jami Gertz | 
Cynthia Gibb | 
Debbie Gibson | 
Kelli Giddish | 
Melissa Gilbert | 
Sara Gilbert | https://twitter.com/THEsaragilbert
Elizabeth Gillies | https://twitter.com/LizGillies
Peri Gilpin | 
Annabeth Gish | 
Dorothy Gish | 
Lillian Gish | 
Robin Givens | 
Summer Glau | 
Lola Glaudini | 
Paulette Goddard | 
Tracey Gold | 
Whoopi Goldberg | 
Gage Golightly | https://twitter.com/gagegolightly
Selena Gomez | https://twitter.com/selenagomez
Meagan Good | 
Ginnifer Goodwin | https://twitter.com/ginnygoodwin
Ruth Gordon | 
Betty Grable | 
Maggie Grace | https://twitter.com/MaggieGrace
Aimee Graham | 
Heather Graham | https://twitter.com/imheathergraham
Katerina Graham | 
Lauren Graham | https://twitter.com/thelaurengraham
Gloria Grahame | 
Ariana Grande | 
Lee Grant | 
Bonita Granville | 
Karen Grassle | 
Erin Gray | 
Alice Greczyn | 
Ashley Greene | 
Judy Greer | https://twitter.com/missjudygreer
Jennifer Grey | 
Virginia Grey | 
Pam Grier | https://twitter.com/PamGrier
Corinne Griffith | 
Melanie Griffith | 
Leslie Grossman | 
Carla Gugino | 
Grace Gummer | 
Mamie Gummer | 
Anna Gunn | 
Jasmine Guy | 
Maggie Gyllenhaal | 
Shelley Hack | 
Joan Hackett | 
Jean Hagen | 
Leisha Hailey | 
Barbara Hale | 
Lucy Hale | https://twitter.com/lucyhale
Grayson Hall | 
Veronica Hamel | 
Linda Hamilton | 
Margaret Hamilton | 
Daryl Hannah | 
Alyson Hannigan | https://twitter.com/alydenisof
Sammi Hanratty | 
Marcia Gay Harden | 
Melora Hardin | 
Ann Harding | 
Mariska Hargitay | 
Jean Harlow | 
Angie Harmon | https://twitter.com/Angie_Harmon
Elisabeth Harnois | https://twitter.com/elisabethharnoi
Tess Harper | 
Laura Harring | 
Barbara Harris (actress) | 
Danielle Harris | https://twitter.com/halloweengal
Danneel Harris | https://twitter.com/DanneelHarris
Julie Harris | 
Rachael Harris | 
Harriet Sansom Harris | 
Linda Harrison (actress) | 
Kathryn Harrold | 
Melissa Joan Hart | https://twitter.com/MelissaJoanHart
Mariette Hartley | 
Elizabeth Hartman | 
Lisa Hartman | 
Teri Hatcher | 
Anne Hathaway | 
Marcia Haufrecht | 
Aaliyah Haughton | 
Wanda Hawley | 
Goldie Hawn | 
Salma Hayek | 
Allison Hayes | 
Helen Hayes | 
Susan Hayward | 
Rita Hayworth | 
Glenne Headly | 
Shari Headley | 
Amber Heard | 
Patricia Heaton | 
Anne Heche | 
Eileen Heckart | 
Tippi Hedren | 
Katherine Heigl | https://twitter.com/katieheigl
Marg Helgenberger | 
Katherine Helmond | 
Mariel Hemingway | 
Zulay Henao | 
Florence Henderson | 
Christina Hendricks | 
Marilu Henner | 
Pamela Hensley | 
Taraji P. Henson | 
Katharine Hepburn | 
Barbara Hershey | 
Lori Heuring | 
Jennifer Love Hewitt | https://twitter.com/TheReal_Jlh
Catherine Hicks | 
Marianna Hill | 
Paris Hilton | 
Nichole Hiltz | 
Cheryl Hines | 
Connie Hines | 
Marin Hinkle | 
Gaby Hoffmann | 
Alexandra Holden | 
Laurie Holden | 
Willa Holland | https://twitter.com/Willaaaah
Judy Holliday | 
Laurel Holloman | https://twitter.com/nalamommy
Lauren Holly | 
Celeste Holm | 
Katie Holmes | 
Darla Hood | 
Charlene Holt | 
Miriam Hopkins | 
Hedda Hopper | 
Lena Horne | 
Julianne Hough | 
Whitney Houston | 
Bryce Dallas Howard | 
Traylor Howard | 
Season Hubley | 
Vanessa Hudgens | 
Jennifer Hudson | 
Kate Hudson | 
Felicity Huffman | https://twitter.com/felicityhuffman
Finola Hughes | https://twitter.com/finolahughes
Josephine Hull | 
Bonnie Hunt | 
Helen Hunt | 
Linda Hunt | 
Holly Hunter | 
Ruth Hussey | 
Anjelica Huston | 
Lauren Hutton | 
Martha Hyer | 
Sarah Hyland | https://twitter.com/Sarah_Hyland
Joyce Hyser | 
Laura Innes | 
Jill Ireland | 
Kathy Ireland | 
Amy Irving | 
Judith Ivey | 
Janet Jackson | 
Kate Jackson | 
Sherry Jackson | 
Victoria Jackson | 
Allison Janney | 
Claudia Jennings | 
Scarlett Johansson | 
Amy Jo Johnson | 
Lynn-Holly Johnson | 
Angelina Jolie | 
Anissa Jones | 
Carolyn Jones | 
Catherine Zeta Jones | 
Cherry Jones | 
Janet Jones | 
January Jones | 
Jennifer Jones (actress) | 
Rashida Jones | https://twitter.com/iamrashidajones
Shirley Jones | 
Tamala Jones | 
Milla Jovovich | 
Elaine Joyce | 
Ella Joyce | 
Ashley Judd | 
Victoria Justice | https://twitter.com/VictoriaJustice
Jane Kaczmarek | 
Madeline Kahn | 
Mindy Kaling | https://twitter.com/SalkWEEI
Melina Kanakaredes | 
Carol Kane | 
Chelsea Kane | 
Mitzi Kapture | 
Jane Kean | 
Staci Keanan | 
Diane Keaton | 
Arielle Kebbel | 
Monica Keena | 
Catherine Keener | 
Sally Kellerman | 
Sheila Kelley (American actress) | https://twitter.com/thesheilakelley
Grace Kelly | 
Jean Louisa Kelly | 
Lisa Robin Kelly | 
Minka Kelly | https://twitter.com/minkakelly
Moira Kelly | 
Nancy Kelly | 
Patsy Kelly | 
Anna Kendrick | 
Barbara Kent | 
Riley Keough | 
Margot Kidder | 
Nicole Kidman | 
Laura Kightlinger | 
Jaime King | 
Kent King | 
Regina King | 
Sally Kirkland | 
Tawny Kitaen | 
Eartha Kitt | 
Alexis Knapp | https://twitter.com/AlexisKnapp
Shirley Knight | 
Keisha Knight-Pulliam | 
Beyoncé Knowles | 
Susan Kohner | 
Nancy Kovack | 
Linda Kozlowski | 
Jane Krakowski | 
Lisa Kudrow | https://twitter.com/LisaKudrow
Mila Kunis | 
Swoosie Kurtz | 
Nancy Kwan | 
Eva LaRue | 
Cheryl Ladd | 
Diane Ladd | 
Christine Lahti | 
Sanoe Lake | 
Ricki Lake | 
Veronica Lake | 
Christine Lakin | 
Hedy Lamarr | 
Dorothy Lamour | 
Sarah Lancaster | https://twitter.com/SarahMLancaster
Juliet Landau | https://twitter.com/julietlandau
Audrey Landers | 
Judy Landers | 
Carole Landis | 
Diane Lane | 
Priscilla Lane | 
Hope Lange | 
Jessica Lange | 
Heather Langenkamp | 
A. J. Langer | 
Brooke Langton | 
Angela Lansbury | 
Joi Lansing | 
Liza Lapira | 
Ali Larter | https://twitter.com/TheRealAliL
Sanaa Lathan | 
Ashley Laurence | 
Piper Laurie | 
Linda Lavin | 
Barbara Lawrence | 
Jennifer Lawrence | 
Vicki Lawrence | 
Bianca Lawson | 
Maggie Lawson | 
Cloris Leachman | 
Sharon Leal | 
Kelly LeBrock | 
Diana Lee | 
Gwen Lee | 
Peggy Lee | 
Robinne Lee | 
Sheryl Lee | 
Andrea Leeds | 
Erica Leerhsen | 
Chyler Leigh | 
Janet Leigh | 
Jennifer Jason Leigh | 
Bethany Joy Lenz | http://twitter.com/BethanyJoyLenz/
Kay Lenz | 
Melissa Leo | 
Téa Leoni | 
Joan Leslie | 
Margarita Levieva | 
Juliette Lewis | https://twitter.com/juliettelewis
Vicki Lewis | 
Jennifer Lien | 
Judith Light | 
Abbey Lincoln | 
Riki Lindhome | https://twitter.com/rikilindhome
Bai Ling | 
Laura Linney | 
Peggy Lipton | 
Peyton List (actress born 1986) | 
Peyton List (actress born 1998) | https://twitter.com/PeytonList
Lucy Liu | 
Blake Lively | 
Sabrina Lloyd | 
Amy Locane | 
Sondra Locke | 
Heather Locklear | 
Lindsay Lohan | 
Alison Lohman | 
Kristanna Loken | 
Carole Lombard | 
Karina Lombard | https://twitter.com/ikarinalombard
Lauren London | 
Nia Long | 
Shelley Long | 
Eva Longoria | 
Jennifer Lopez | 
Traci Lords | 
Josie Loren | https://twitter.com/josloren
Joan Lorring | 
Lori Loughlin | https://twitter.com/LoriLoughlin
Demi Lovato | 
Bessie Love | 
Carey Lowell | 
Myrna Loy | 
Shannon Lucio | https://twitter.com/iamshannonlucio
Jamie Luner | https://twitter.com/JamieMLuner
Ida Lupino | 
Masiela Lusha | 
Dorothy Lyman | 
Jane Lynch | 
Kelly Lynch | 
Carol Lynley | 
Meredith Scott Lynn | 
Sue Lyon | 
Natasha Lyonne | 
June MacCloy | 
Andie MacDowell | 
Allison Mack | 
Dorothy Mackaill | 
Shirley MacLaine | 
Aline MacMahon | 
Amy Madigan | 
Bailee Madison | https://twitter.com/baileemadison
Madonna (entertainer) | 
Virginia Madsen | 
Marjorie Main | 
Tina Majorino | 
Wendie Malick | https://twitter.com/wendiemalick
Dorothy Malone | 
Jena Malone | 
Camryn Manheim | 
Leslie Mann | 
Taryn Manning | 
Jayne Mansfield | 
Gia Mantegna | 
Linda Manz | 
Adele Mara | 
Kate Mara | 
Rooney Mara | 
Vanessa Marcil | 
Ann-Margret | 
Julianna Margulies | 
Constance Marie | 
Brit Marling | 
Paula Marshall | 
Penny Marshall | 
Andrea Martin | 
Kellie Martin | 
Mary Martin | 
Meaghan Jette Martin | 
Pamela Sue Martin | 
Natalie Martinez | https://twitter.com/nataliemartinez
Marsha Mason | 
Chase Masterson | 
Mary Stuart Masterson | 
Mary Elizabeth Mastrantonio | 
Samantha Mathis | 
Marlee Matlin | https://twitter.com/MarleeMatlin
Marilyn Maxwell | 
Elaine May | 
Melanie Mayron | 
Jayma Mays | 
Debi Mazar | 
Monet Mazur | 
Irish McCalla | 
Mercedes McCambridge | 
Jenny McCarthy | 
Melissa McCarthy | 
Rue McClanahan | 
AnnaLynne McCord | 
Mary McCormack | 
Patty McCormack | 
Maureen McCormick | 
Kimberly McCullough | 
Jennette McCurdy | 
Hattie McDaniel | 
Mary McDonnell | 
Frances McDormand | 
Gates McFadden | 
Kelly McGillis | 
Elizabeth McGovern | 
Maureen McGovern | 
Rose McGowan | https://twitter.com/rosemcgowan
Dorothy McGuire | 
Kathryn McGuire | 
Lonette McKee | https://twitter.com/lonettemckee
Danica McKellar | 
Nancy McKeon | 
Nina Mae McKinney | 
Mercedes McNab | 
Maggie McNamara | 
Kristy McNichol | 
Katharine McPhee | 
Butterfly McQueen | 
Kay Medford | 
Leighton Meester | 
Tamara Mello | 
Eva Mendes | 
Bridgit Mendler | https://twitter.com/bridgitmendler
Idina Menzel | 
Lee Meriwether | https://twitter.com/LeeMeriwether
Una Merkel | 
Ethel Merman | 
Debra Messing | 
Dina Meyer | 
AJ Michalka | 
Aly Michalka | 
Lea Michele | https://twitter.com/msleamichele
Tammy Lynn Michaels | 
Bette Midler | 
Alyssa Milano | https://twitter.com/alyssa_milano
Sylvia Miles | 
Vera Miles | 
Penelope Milford | 
Ivana Miličević | 
Ann Miller | 
Christa Miller | 
Penelope Ann Miller | 
Donna Mills | 
Yvette Mimieux | 
Nicki Minaj | 
Rachel Miner | 
Liza Minnelli | 
Elizabeth Mitchell | 
Katherine Moennig | 
Gretchen Mol | 
Taylor Momsen | https://twitter.com/taylormomsen
Michelle Monaghan | 
Daniella Monet | https://twitter.com/DaniellaMonet
Elizabeth Montgomery | 
Mo'Nique | 
Marilyn Monroe | 
Demi Moore | https://twitter.com/justdemi
Grace Moore | 
Joanna Moore | 
Juanita Moore | 
Julianne Moore | https://twitter.com/_juliannemoore
Kenya Moore | 
Mandy Moore | https://twitter.com/TheMandyMoore
Mary Tyler Moore | 
Terry Moore (actress) | 
Agnes Moorehead | 
Erin Moran | 
Rita Moreno | 
Chloë Grace Moretz | 
Cathy Moriarty | 
Debbi Morgan | https://twitter.com/debbimorgan
Haviland Morris | 
Kathryn Morris | 
Jennifer Morrison | https://twitter.com/jenmorrisonlive
Shelley Morrison | 
Elisabeth Moss | 
Tamera Mowry | https://twitter.com/tameramowrytwo
Tia Mowry | https://twitter.com/tiamowry
Bridget Moynahan | 
Liliana Mumy | 
Diana Muldaur | 
Kate Mulgrew | 
Megan Mullally | 
Olivia Munn | https://twitter.com/oliviamunn
Brittany Murphy | 
Donna Murphy | 
Jillian Murray | 
Ming-Na | 
Nita Naldi | 
Florence Nash | 
Mildred Natwick | 
Elise Neal | 
Patricia Neal | 
Noel Neill | 
Kristin Nelson | 
Bebe Neuwirth | 
Julie Newmar | 
Barbara Nichols | 
Nichelle Nichols | https://twitter.com/RealNichelle
Rachel Nichols (actress) | https://twitter.com/RachelNichols1
Julianne Nicholson | 
Cynthia Nixon | 
Mabel Normand | 
Sheree North | 
Brandy Norwood | 
Kim Novak | 
Margaret O'Brien | 
Renee O'Connor | 
Rosie O'Donnell | 
Gail O'Grady | https://twitter.com/GailOGrady
Catherine O'Hara | 
Jodi Lyn O'Keefe | 
Tatum O'Neal | 
Barbara O'Neil | 
Jennifer O'Neill | 
Ahna O'Reilly | 
Maureen O'Sullivan | 
Annette O'Toole | 
Randi Oakes | 
Jacqueline Obradors | 
Kimberly Oja | 
Larisa Oleynik | 
Susan Oliver | 
Ashley Olsen | 
Mary-Kate Olsen | 
Elizabeth Olsen | 
Susan Olsen | 
Nancy Olson | 
Lupe Ontiveros | 
Ana Ortiz | https://twitter.com/TheRealAnaOrtiz
Madolyn Smith Osborne | 
Emily Osment | 
Beth Ostrosky | 
Cheri Oteri | 
Kelly Overton (actress) | 
Genevieve Padalecki | 
Ellen Page | 
Geraldine Page | 
Adrianne Palicki | https://twitter.com/adriannepalicki
Betsy Palmer | 
Gwyneth Paltrow | https://twitter.com/GwynethPaltrow
Danielle Panabaker | 
Hayden Panettiere | 
Annie Parisse | 
Grace Park (actress) | 
Linda Park | 
Eleanor Parker | 
Lara Parker | 
Mary-Louise Parker | 
Nicole Ari Parker | https://twitter.com/nicolearip
Sarah Jessica Parker | 
Leslie Parrish | 
Estelle Parsons | 
Karyn Parsons | 
Dolly Parton | 
Marnette Patterson | 
Alexandra Paul | 
Sarah Paulson | 
Sara Paxton | https://twitter.com/Sara_Paxton
Nia Peeples | 
Amanda Peet | 
Elizabeth Peña | 
Piper Perabo | http://twitter.com/PiperPerabo
Rosie Perez | 
Elizabeth Perkins | https://twitter.com/elizbethperkins
Rhea Perlman | 
Pauley Perrette | http://twitter.com/pauleyp
Valerie Perrine | 
Donna Pescow | 
Bernadette Peters | 
Jean Peters | 
Susan Peters | 
Amanda Peterson | 
Cassandra Peterson | 
Valarie Pettiford | 
Madison Pettis | https://twitter.com/MadisonPettis
Lori Petty | 
Dedee Pfeiffer | 
Michelle Pfeiffer | 
Mary Philbin | 
Busy Philipps | https://twitter.com/busyphilipps25
Gina Philips | 
Bijou Phillips | 
Mackenzie Phillips | 
Michelle Phillips | 
Cindy Pickett | 
Mary Pickford | 
Jada Pinkett Smith | 
Maria Pitillo | 
Zasu Pitts | 
Mary Kay Place | 
Dana Plato | 
Alice Playten | 
Suzanne Pleshette | 
Martha Plimpton | 
Eve Plumb | 
Amy Poehler | 
Sydney Tamiia Poitier | 
Teri Polo | 
Scarlett Pomers | 
Ellen Pompeo | https://twitter.com/EllenPompeo
Alisan Porter | 
Natalie Portman | 
Parker Posey | 
Markie Post | 
Monica Potter | 
Annie Potts | 
CCH Pounder | 
Phyllis Povah | 
Jane Powell | 
Stefanie Powers | 
Laura Prepon | 
Paula Prentiss | 
Jaime Pressly | 
Carrie Preston | 
Kelly Preston | 
Lindsay Price | 
Megyn Price | https://twitter.com/MegynPrice
Pat Priest | 
Victoria Principal | 
Emily Procter | 
Dorothy Provine | 
Linda Purl | 
Maggie Q | https://twitter.com/MaggieQ
Kathleen Quinlan | 
Aileen Quinn | https://twitter.com/aileenquinn
Cassidy Rae | 
Charlotte Rae | 
Cristina Raines | 
Francia Raisa | 
Mary Lynn Rajskub | https://twitter.com/rajskub
Sheryl Lee Ralph | 
Esther Ralston | 
Marjorie Rambeau | 
Leven Rambin | https://twitter.com/levenrambin
Dania Ramirez | https://twitter.com/DaniaJRamirez
Sara Ramirez | 
Anne Ramsey | 
Laura Ramsey | 
Theresa Randle | 
Phylicia Rashad | 
Kim Raver | 
Navi Rawat | 
Martha Raye | 
Tania Raymonde | 
Nancy Davis Reagan | 
Elizabeth Reaser | 
Crystal Reed | https://twitter.com/CrystalmReed
Donna Reed | 
Nikki Reed | 
Pamela Reed | 
Autumn Reeser | https://twitter.com/autumnreeser
Bridget Regan | 
Tara Reid | 
Lee Remick | 
Leah Remini | 
Anne Revere | 
Judy Reyes | 
Debbie Reynolds | 
Barbara Rhoades | 
Cynthia Rhodes | 
Jennifer Rhodes | 
Kim Rhodes | https://twitter.com/kimrhodes4real
Marissa Ribisi | 
Gigi Rice | 
Christina Ricci | 
Ariana Richards | 
Beah Richards | 
Denise Richards | 
Kim Richards | 
Kyle Richards | 
LaTanya Richardson | 
Patricia Richardson | https://twitter.com/prichardsonla
Beth Riesgraf | 
Amanda Righetti | https://twitter.com/AmandaERighetti
Molly Ringwald | 
Lisa Rinna | https://twitter.com/lisarinna
Kelly Ripa | https://twitter.com/KellyRipa
Thelma Ritter | 
AnnaSophia Robb | 
Emma Roberts | https://twitter.com/RobertsEmma
Julia Roberts | 
Tanya Roberts | 
Britt Robertson | 
Ann Robinson | 
Holly Robinson-Peete | 
Lela Rochon | 
Michelle Rodriguez | https://twitter.com/MRodOfficial
Sarah Roemer | 
Ginger Rogers | 
Mimi Rogers | 
Elisabeth Rohm | 
Esther Rolle | 
Rose Rollins | 
Ruth Roman | 
Christy Carlson Romano | 
Rebecca Romijn | 
Cristine Rose | 
Emily Rose (actress) | 
Margot Rose | 
Diana Ross | 
Katharine Ross | 
Tracee Ellis Ross | 
Emmy Rossum | 
Lillian Roth | 
Misty Rowe | 
Victoria Rowell | 
Gena Rowlands | 
Zelda Rubinstein | 
Maya Rudolph | 
Sara Rue | 
Mercedes Ruehl | 
Janice Rule | 
Olesya Rulin | https://twitter.com/olesyarulin
Jennifer Runyon | 
Debra Jo Rupp | 
Betsy Russell | https://twitter.com/imBetsyRussell
Gail Russell | 
Jane Russell | 
Keri Russell | 
Rosalind Russell | 
Theresa Russell | 
Deanna Russo | 
Rene Russo | 
Kelly Rutherford | 
Amy Ryan | 
Blanchard Ryan | 
Debby Ryan | https://twitter.com/DebbyRyan
Eileen Ryan | 
Irene Ryan | 
Jeri Ryan | https://twitter.com/JeriLRyan
Meg Ryan | 
Winona Ryder | 
Katee Sackhoff | 
Katey Sagal | https://twitter.com//KateySagal
Eva Marie Saint | 
Susan Saint James | 
Jill St. John | 
Zoe Saldana | 
Laura San Giacomo | 
Kiele Sanchez | 
Erin Sanders | 
Jackie Sandler | 
Mia Sara | 
Susan Sarandon | 
Tura Satana | 
Allison Scagliotti | 
Gia Scala | 
Diana Scarwid | 
Cassie Scerbo | 
Annabella Sciorra | 
Ashley Scott | 
Lizabeth Scott | 
Martha Scott | 
Amy Sedaris | 
Kyra Sedgwick | https://twitter.com/kyrasedgwick
Sandra Seacat | 
Marian Seldes | 
Christian Serratos | https://twitter.com/cserratos
Joan Severance | 
Chloë Sevigny | 
Amanda Seyfried | https://twitter.com/AmandaSeyfried
Sarah Shahi | https://twitter.com/onlysarahshahi
Molly Shannon | 
Lindsey Shaw | https://twitter.com/LadyShawsters
Alia Shawkat | 
Norma Shearer | 
Anne Schedeen | 
Ally Sheedy | 
Adrienne Shelly | 
Marley Shelton | 
Cybill Shepherd | 
Sherri Shepherd | 
Ann Sheridan | 
Lisa Sheridan | 
Brooke Shields | 
Talia Shire | 
Anne Shirley (actress) | 
Dinah Shore | 
Elisabeth Shue | 
Gabourey Sidibe | 
Sylvia Sidney | 
Maggie Siff | 
Jamie-Lynn Sigler | https://twitter.com/JamieLSigler
Karen Sillas | 
Leslie Silva | 
Sarah Silverman | https://twitter.com/SarahKSilverman
Alicia Silverstone | 
Jessica Simpson | 
Molly Sims | 
Lori Singer | 
Marina Sirtis | 
Jennifer Sky | 
Azura Skye | 
Ione Skye | https://twitter.com/IoneSkye1
Helen Slater | 
Amy Smart | 
Jean Smart | 
Amber Smith | 
Jaclyn Smith | 
Kellita Smith | 
Tasha Smith | 
Lois Smith | 
Shawnee Smith | 
Jan Smithers | 
Carrie Snodgress | 
Brittany Snow | 
Liza Snyder | 
Leelee Sobieski | 
Rena Sofer | 
Marla Sokoloff | https://twitter.com/marlasok
Bonnie Somerville | 
Phyllis Somerville | 
Suzanne Somers | 
Gale Sondergaard | 
Brenda Song | https://twitter.com/BrendaSong
Mira Sorvino | https://twitter.com/MiraSorvino
Shannyn Sossamon | 
Sissy Spacek | 
Britney Spears | 
Jamie Lynn Spears | 
Danielle Spencer (American actress) | 
Octavia Spencer | 
Kelly Stables | http://twitter.com/KellyStables
Kim Stanley | 
Barbara Stanwyck | 
Jean Stapleton | 
Maureen Stapleton | 
Karen Steele | 
Mary Steenburgen | 
Hailee Steinfeld | 
Jan Sterling | 
Mindy Sterling | 
Connie Stevens | 
Elaine Stewart | 
Kristen Stewart | 
Julia Stiles | 
Emma Stone | 
Jennifer Stone | https://twitter.com/comeagainjen
Sharon Stone | https://twitter.com/sharonstone
Alyson Stoner | 
Madeleine Stowe | 
Beatrice Straight | 
Meryl Streep | 
Barbra Streisand | 
Brenda Strong | https://twitter.com/brenda_strong
Jessica Stroup | https://twitter.com/JessicaLStroup
Sally Struthers | 
Gloria Stuart | 
Margaret Sullavan | 
Mena Suvari | 
Dominique Swain | 
Hilary Swank | 
Gloria Swanson | 
Kristy Swanson | 
Julia Sweeney | 
Jodie Sweetin | https://twitter.com/JodieTweetin
Taylor Swift | 
Loretta Swit | 
Kristine Sutherland | 
Raven-Symoné | https://twitter.com/MissRavenSymone
Patricia Tallman | https://twitter.com/patriciatallman
Constance Talmadge | 
Natalie Talmadge | 
Norma Talmadge | 
Amber Tamblyn | 
Jessica Tandy | 
Sharon Tate | 
Christine Taylor | 
Elizabeth Taylor | 
Jennifer Bini Taylor | 
Leigh Taylor-Young | 
Lili Taylor | 
Scout Taylor-Compton | 
Aimee Teegarden | https://twitter.com/Aimeeteegarden
Juno Temple | 
Shirley Temple | 
Tia Texada | 
Charlize Theron | 
Tiffany Thiessen | 
Lynne Thigpen | 
Marlo Thomas | 
Michelle Thomas | 
Lea Thompson | 
Susanna Thompson | 
Bella Thorne | https://twitter.com/bellathorne
Courtney Thorne-Smith | 
Uma Thurman | 
Gene Tierney | 
Maura Tierney | 
Pamela Tiffin | 
Jennifer Tilly | 
Meg Tilly | 
Addison Timlin | https://twitter.com/Addijay
Analeigh Tipton | 
Ashley Tisdale | 
Thelma Todd | 
Lauren Tom | 
Marisa Tomei | 
Tamlyn Tomita | 
Lily Tomlin | 
Gina Torres | 
Audrey Totter | 
Katharine Towne | 
Michelle Trachtenberg | https://twitter.com/RealMichelleT
Nancy Travis | 
Claire Trevor | 
Jeanne Tripplehorn | 
Robin Tunney | 
Janine Turner | 
Kathleen Turner | 
Lana Turner | 
Aisha Tyler | 
Liv Tyler | 
Susan Tyrrell | 
Cicely Tyson | 
Katelyn Tarver | 
Alanna Ubach | 
Leslie Uggams | 
Carrie Underwood | 
Gabrielle Union | 
Brenda Vaccaro | 
Amber Valletta | 
Danitra Vance | 
Mamie Van Doren | 
Jo Van Fleet | 
Shantel VanSanten | 
Diane Varsi | 
Liz Vassey | 
Sofia Vassilieva | 
Alexa Vega | https://twitter.com/alexavega
Nadine Velazquez | 
Lupe Vélez | 
Yvette Vickers | 
Nana Visitor | 
Lark Voorhies | 
Lindsay Wagner | 
Natasha Gregson Wagner | 
Shawna Waldron | 
Dee Wallace | 
Marcia Wallace | 
Quvenzhané Wallis | 
Kate Walsh (actress) | http://twitter.com/k8_walsh
Maiara Walsh | 
Lisa Ann Walter | 
Nancy Walters | 
Sela Ward | 
Susan Ward | 
Julie Warner | 
Jennifer Warren | 
Lesley Ann Warren | 
Fredi Washington | 
Kerry Washington | https://twitter.com/KerryWashington
Ethel Waters | 
Naomi Watts | 
Carol Wayne | 
Sigourney Weaver | 
Virginia Weidler | 
Rachel Weisz | 
Raquel Welch | 
Tahnee Welch | 
Tuesday Weld | 
Dawn Wells | 
Mae West | 
Celia Weston | 
Shannon Whirry | 
Betty White | 
Lynn Whitfield | 
Mae Whitman | 
Grace Lee Whitney | 
Dianne Wiest | 
Kristen Wiig | 
Olivia Wilde | https://twitter.com/oliviawilde
Cara Williams | 
Cindy Williams | 
Esther Williams | 
JoBeth Williams | 
Michelle Williams (actress) | 
Vanessa A. Williams | 
Zelda Williams | 
Kimberly Williams-Paisley | https://twitter.com/Kimwilliamspais
Rumer Willis | 
Bridgette Wilson | 
Rita Wilson | https://twitter.com/RitaWilson
Sheree J. Wilson | 
Camille Winbush | 
Oprah Winfrey | 
Debra Winger | 
Mare Winningham | 
Mary Elizabeth Winstead | https://twitter.com/M_E_Winstead
Ariel Winter | https://twitter.com/arielwinter1
Shelley Winters | 
Reese Witherspoon | 
Alicia Witt | 
Collette Wolfe | 
Evan Rachel Wood | https://twitter.com/evanrachelwood
Lana Wood | 
Natalie Wood | 
Alfre Woodard | 
Joanne Woodward | 
Shannon Woodward | https://twitter.com/shannonwoodward
Fay Wray | 
N'Bushe Wright | 
Robin Wright | 
Teresa Wright | 
Jane Wyman | 
Jane Wyatt | 
Amy Yasbeck | 
Morgan York | 
Loretta Young | 
Sean Young | 
Grace Zabriskie | 
Pia Zadora | 
Natalie Zea | 
Renée Zellweger | 
Zendaya | 
Madeline Zima | 
Yvonne Zima | 
Stephanie Zimbalist | 
Daphne Zuniga | 
